ID,Site,Domain,Category,Market/Region,Claude access status,Live fetch impacted?,Risk severity,Affected Claude/AI agents,Primary barrier,Evidence type,Evidence summary,Source URL,Date checked,Recommended workaround,Confidence,Notes
1,Reddit,reddit.com,Social / forum,Global,Likely blocked / unreliable,Partial,High,Claude crawlers reportedly blocked; non-partner crawlers restricted,Crawler restrictions; dynamic/login surfaces,third-party report + robots.txt,"Reddit restricts crawlers without commercial agreements; robots also restricts many URL patterns including comments, APIs, search and JSON.",https://www.reddit.com/robots.txt,2026-05-13,"Paste thread text, use screenshots/export, or use official Reddit/API-permitted source.",Medium,Direct Claude-User robots block not visible in robots.txt; access failures are usually policy/API/bot-control related.
2,X / Twitter,x.com,Social / real-time,Global,Confirmed broad bot block,Yes,High,User-agent: *,Wildcard robots block; login/dynamic pages,robots.txt wildcard,x.com robots.txt allows selected bots like Googlebot/Bingbot but has User-agent: * Disallow: / for other bots.,https://x.com/robots.txt,2026-05-13,Paste post/thread text; use screenshots; use public article mirrors when available.,High,"Even when a post is public, comments, media, and replies are often inaccessible."
3,LinkedIn,linkedin.com,Professional social,Global,Confirmed automated-access restricted,Yes,High,Unapproved automated access,Terms/robots automated access prohibition,robots.txt policy statement,LinkedIn states automated access without express permission is strictly prohibited and only approved public search crawlers may be permitted.,https://www.linkedin.com/robots.txt,2026-05-13,Paste post/profile text or use screenshots; rely on user-provided exports.,High,Claude cannot act as your logged-in LinkedIn browser.
4,Instagram,instagram.com,Social / media,Global,Auth-gated / unreliable,Yes,High,Unclear; login wall,Login wall; JS; anti-bot,login/session barrier,Public previews may appear but most profile/post/comment access collapses into login/app flows or dynamic content.,https://www.instagram.com/robots.txt,2026-05-13,"Paste caption/comments, screenshots, or public embeds.",Medium,Direct robots retrieval returned an internal fetch error during check.
5,Facebook,facebook.com,Social / media,Global,Auth-gated / unreliable,Yes,High,Unclear; login wall,Login wall; JS; anti-bot,login/session barrier,Most posts/groups/comments require an authenticated session and cannot be fetched like a public web page.,https://www.facebook.com/robots.txt,2026-05-13,Paste content or screenshots; use public page exports where allowed.,Medium,Robots retrieval was not useful in the web fetch output.
6,TikTok,tiktok.com,Social / video,Global,Unreliable / mixed,Partial,High,Unclear; bot controls,Heavy JS; app/login prompts; anti-bot,technical barrier,Video pages often require JS/app flows and bot checks; comments/transcripts are especially unreliable.,https://www.tiktok.com/robots.txt,2026-05-13,Paste transcript/caption/comments or use screenshots.,Medium,Robots retrieval was not useful in the web fetch output.
7,Quora,quora.com,Q&A / forum,Global,Unreliable / mixed,Partial,Medium,Unclear,Login wall; anti-bot,technical barrier,"Some pages are public, but answers often trigger login/signup walls or anti-scraping patterns.",https://www.quora.com/robots.txt,2026-05-13,Paste the question/answer text directly.,Medium,Access varies by page and region.
8,Discord,discord.com,Private/community chat,Global,Auth-gated,Yes,High,N/A,Private workspace/session required,login/session barrier,Most Discord content is server/channel-gated and unavailable without an authenticated account or connector.,https://discord.com/robots.txt,2026-05-13,"Export messages, paste content, or use a permitted connector/API.",High,Public invite pages are not equivalent to message access.
9,Slack,slack.com,Private/community chat,Global,Auth-gated,Yes,High,N/A,Private workspace/session required,login/session barrier,Slack messages/files require workspace authentication and permissions.,https://slack.com/robots.txt,2026-05-13,Use a connector/export or paste relevant messages.,High,Not a normal public-web target.
10,Google Docs / Drive private links,docs.google.com / drive.google.com,Docs / cloud files,Global,Auth-gated unless public,Yes,High,N/A,Permissions/session required,auth barrier,Private docs and Drive files require account permissions; even public docs may render via JS and not expose full content cleanly.,https://docs.google.com/robots.txt,2026-05-13,Upload/export as PDF/DOCX/TXT or make a public readable copy.,High,User-owned files should usually be uploaded rather than fetched.
11,Notion private pages,notion.so,Docs / workspace,Global,Auth-gated unless public,Yes,High,N/A,Permissions/session required,auth barrier,Private Notion workspaces require authentication; public pages are mixed due to JS rendering.,https://www.notion.so/robots.txt,2026-05-13,Export Markdown/PDF or share a public static page.,High,Useful for private docs only via export/connector.
12,Figma files,figma.com,Design / SaaS,Global,Auth-gated / not text-readable,Yes,High,N/A,Permissions; canvas rendering,auth + visual barrier,Figma design content usually requires file permission and is not a plain webpage for text fetch.,https://www.figma.com/robots.txt,2026-05-13,Export frames/screenshots/PDF or provide a share link plus screenshots.,High,Claude needs exported artifacts to analyze design precisely.
13,Medium,medium.com,Publishing / blogs,Global,Unreliable / mixed,Partial,Medium,Unclear,Membership/paywall; dynamic rendering,paywall + technical barrier,"Public posts often work, but member-only posts and app/paywall surfaces do not.",https://medium.com/robots.txt,2026-05-13,Paste post text or use the author’s canonical blog if available.,Medium,Access varies by post.
14,Substack,substack.com,Newsletter / blogs,Global,Unreliable / mixed,Partial,Medium,Unclear,Paid posts; email-only posts; dynamic pages,paywall/auth barrier,Free public posts may work; paid subscriber posts and email-only material do not.,https://substack.com/robots.txt,2026-05-13,Paste article text or export email content.,Medium,Individual publication domains may have their own robots rules.
15,Patreon,patreon.com,Creator subscription,Global,Auth/subscription-gated,Yes,High,N/A,Paid member wall,auth/paywall barrier,Most creator posts are gated by account and membership status.,https://www.patreon.com/robots.txt,2026-05-13,Paste content you have rights to access.,High,Public previews are limited.
16,The Atlantic,theatlantic.com,News / magazine,US,Confirmed Claude live-fetch block,Yes,High,ClaudeBot; Claude-SearchBot; Claude-User; Claude-Web; anthropic-ai,Robots disallow for Claude agents,robots.txt explicit Claude-User,"Robots.txt explicitly disallows ClaudeBot, Claude-SearchBot, Claude-User, Claude-Web and anthropic-ai.",https://www.theatlantic.com/robots.txt,2026-05-13,Paste article text or use licensed/public excerpts.,High,"Also uses content signals: ai-input=no, ai-train=no for some agents."
17,WIRED,wired.com,News / tech,US,Confirmed Claude live-fetch block,Yes,High,ClaudeBot; Claude-SearchBot; Claude-User,Robots disallow for Claude agents,robots.txt explicit Claude-User,"Robots.txt groups ClaudeBot, Claude-SearchBot and Claude-User with Disallow: /.",https://www.wired.com/robots.txt,2026-05-13,Paste article text or use available excerpts/official RSS where allowed.,High,Condé Nast pattern also appears on New Yorker.
18,Reuters,reuters.com,News / wire,Global,Confirmed non-allowlisted bot block,Yes,High,User-agent: *; Claude not allowlisted,Only allowlisted bots permitted; all others blocked,robots.txt wildcard after allowlist,"Reuters allows a long list of specific bots, then blocks all other bots with User-agent: * Disallow: /. Claude agents are not in the visible allowlist.",https://www.reuters.com/robots.txt,2026-05-13,"Use article excerpts, licensed sources, or cite other accessible reports.",High,"ChatGPT-User appears allowlisted, but Claude-User does not."
19,Associated Press / AP News,apnews.com,News / wire,US/global,Confirmed Claude live-fetch block,Yes,High,ClaudeBot; Claude-Web; Claude-User; Claude-SearchBot; anthropic-ai,Robots disallow for Claude agents,robots.txt explicit Claude-User,"Robots.txt explicitly disallows ClaudeBot, Claude-Web, Claude-User, Claude-SearchBot and anthropic-ai.",https://apnews.com/robots.txt,2026-05-13,Use short excerpts or alternative accessible syndication pages.,High,Strong evidence.
20,The Guardian,theguardian.com,News / newspaper,UK/global,Confirmed Claude live-fetch block,Yes,High,ClaudeBot; Claude-SearchBot; Claude-User; anthropic-ai,Robots disallow + LLM use restriction,robots.txt explicit Claude-User,"Robots.txt states LLM/AI uses are not permitted and disallows ClaudeBot, Claude-SearchBot, Claude-User and anthropic-ai.",https://www.theguardian.com/robots.txt,2026-05-13,Paste article text or use public RSS/excerpts within rights limits.,High,The site also publishes a license URL in robots.txt.
21,The New Yorker,newyorker.com,News / magazine,US,Confirmed Claude live-fetch block,Yes,High,ClaudeBot; Claude-SearchBot; Claude-User,Robots disallow for Claude agents,robots.txt explicit Claude-User,"Robots.txt groups ClaudeBot, Claude-SearchBot and Claude-User with Disallow: /.",https://www.newyorker.com/robots.txt,2026-05-13,Paste article text or use article excerpts.,High,Condé Nast pattern.
22,The Verge,theverge.com,News / tech,US,Confirmed Claude live-fetch block,Yes,High,ClaudeBot; Claude-SearchBot; Claude-User; Claude-Web; anthropic-ai,Robots disallow for Claude agents,robots.txt explicit Claude-User,"Robots.txt disallows Claude-User, Claude-SearchBot, Claude-Web, ClaudeBot and anthropic-ai except /sp/.",https://www.theverge.com/robots.txt,2026-05-13,Paste article text or use accessible article snippets.,High,Important because tech/news topics often cite The Verge.
23,Vox,vox.com,News / explainer,US,Confirmed Claude crawler block; live agent unclear,Partial,High,ClaudeBot; Claude-Web; anthropic-ai,Robots disallow for ClaudeBot/Claude-Web,robots.txt ClaudeBot/Claude-Web,"Robots.txt blocks ClaudeBot, Claude-Web and anthropic-ai; Claude-User not visible in fetched snippet.",https://www.vox.com/robots.txt,2026-05-13,Paste article text or use accessible excerpts.,Medium,Vox Media domains vary; The Verge explicitly blocks Claude-User.
24,Financial Times,ft.com,News / business,UK/global,Confirmed Claude crawler block; live agent unclear,Partial,High,ClaudeBot; Claude-Web; anthropic-ai,Robots disallow + AI/ML prohibition statement,robots.txt ClaudeBot/Claude-Web,"Robots.txt expressly prohibits ML/AI use and disallows anthropic-ai, Claude-Web and ClaudeBot.",https://www.ft.com/robots.txt,2026-05-13,Paste text you have access to; use licensed/public summaries.,High,Subscription paywall is an additional barrier.
25,Washington Post,washingtonpost.com,News / newspaper,US,Confirmed Claude crawler block; live agent unclear,Partial,High,ClaudeBot; Claude-Web; anthropic-ai,Robots disallow for Claude agents,robots.txt ClaudeBot/Claude-Web,"Robots.txt disallows Claude-Web, ClaudeBot and anthropic-ai, with limited allowances for creative/advertising paths.",https://www.washingtonpost.com/robots.txt,2026-05-13,Paste article text or use accessible excerpts/alternate coverage.,High,Paywall also affects access.
26,Wall Street Journal,wsj.com,News / business,US/global,Confirmed Claude crawler block; live agent unclear,Partial,High,ClaudeBot; Claude-Web,Robots disallow for Claude agents,search result robots snippet,Search result for WSJ robots.txt shows ClaudeBot and Claude-Web disallowed.,https://www.wsj.com/robots.txt,2026-05-13,Paste article text or use licensed/public summaries.,Medium,Direct fetch was restricted by the browsing tool; rely on robots snippet.
27,New York Times,nytimes.com,News / newspaper,US/global,Likely restricted,Partial,High,Unknown; likely AI crawler restrictions,Paywall; anti-scraping; AI-crawler conflict,third-party/public reporting + paywall,NYT is a major AI-scraping opponent and many articles are paywalled; direct verification was blocked in this run.,https://www.nytimes.com/robots.txt,2026-05-13,Paste article text or use accessible excerpts/official summaries.,Medium,Do not mark as confirmed Claude-User block without fresh robots verification.
28,The Economist,economist.com,News / magazine,UK/global,Confirmed/likely Claude crawler restriction,Partial,High,anthropic-ai; Claude-Web / ClaudeBot reported,Robots disallow + paywall,robots.txt/search snippet,Robots.txt/search snippets indicate Anthropic/Claude crawler disallow; subscription paywall is an additional barrier.,https://www.economist.com/robots.txt,2026-05-13,Paste article text or use licensed summaries.,Medium,Direct fetch was restricted by browsing tool.
29,Bloomberg,bloomberg.com,News / finance,US/global,Paywall / anti-bot unreliable,Partial,High,Unclear,"Paywall, dynamic app shell, anti-bot",paywall + technical barrier,Bloomberg pages often require subscription and are heavily dynamic/bot-protected; direct robots fetch was not useful in this run.,https://www.bloomberg.com/robots.txt,2026-05-13,Use publicly accessible Bloomberg snippets or paste subscribed content you may use.,Medium,Mark as access-risk rather than confirmed robots block.
30,Business Insider,businessinsider.com,News / business,US/global,Confirmed Claude crawler block; live agent unclear,Partial,High,ClaudeBot; anthropic-ai,Robots disallow for Anthropic/Claude crawler,robots.txt ClaudeBot,Robots.txt disallows anthropic-ai and ClaudeBot.,https://www.businessinsider.com/robots.txt,2026-05-13,Paste article text or use accessible excerpts.,High,Some articles also require subscription.
31,Forbes,forbes.com,News / business,US/global,Confirmed broad bot block via TollBit robots,Yes,High,User-agent: *,Wildcard robots disallow,robots.txt wildcard,Forbes robots redirects to TollBit robots.txt with User-agent: * Disallow: /.,https://www.forbes.com/robots.txt,2026-05-13,Use accessible excerpts or paste content.,High,The TollBit redirect indicates a monetized crawler-access path.
32,Politico,politico.com,News / politics,US,Confirmed ClaudeBot block; live agent unclear,Partial,Medium,ClaudeBot,Robots disallow for ClaudeBot,robots.txt ClaudeBot,Robots.txt disallows ClaudeBot; Claude-User not visible in snippet.,https://www.politico.com/robots.txt,2026-05-13,Use accessible excerpts or paste full text.,Medium,Live fetch may work unless Claude-User is blocked elsewhere.
33,Axios,axios.com,News / concise,US,No explicit Claude block found; API/auth paths blocked,Partial,Medium,None visible in fetched snippet,Core/API/login blocked; no Claude-specific block shown,robots.txt partial,"Robots.txt blocks API/login/core paths and some AI bots, but Claude-specific disallow was not visible in fetched snippet.",https://www.axios.com/robots.txt,2026-05-13,"Try direct link; if failed, paste text.",Low,"Include as access-risk only, not confirmed inaccessible."
34,The Information,theinformation.com,News / tech business,US,Paywall + AI training bot restrictions,Partial,High,GPTBot/Google-Extended; not Claude visible,Subscription paywall; AI training bot restrictions,robots.txt + paywall,Robots.txt includes an AI training bots section for some agents and the publication is subscription-gated.,https://www.theinformation.com/robots.txt,2026-05-13,Paste article text or summarize from accessible snippets.,Medium,Claude-specific block not visible in fetched snippet.
35,STAT News,statnews.com,News / health/science,US,Confirmed Claude crawler block; live agent unclear,Partial,Medium,ClaudeBot; anthropic-ai,Robots disallow for AI bots,robots.txt ClaudeBot,Robots.txt blocks ClaudeBot and anthropic-ai among AI bots.,https://www.statnews.com/robots.txt,2026-05-13,Use accessible excerpts or paste article text.,High,Live fetch impact depends on Claude-User rules not visible.
36,Rolling Stone,rollingstone.com,Entertainment news,US,Confirmed broad bot block via TollBit robots,Yes,High,User-agent: *,Wildcard robots disallow,robots.txt wildcard,Rolling Stone robots redirects to TollBit robots.txt with User-agent: * Disallow: /.,https://www.rollingstone.com/robots.txt,2026-05-13,Paste article text or use accessible snippets.,High,TollBit route suggests commercial bot-access policy.
37,Variety,variety.com,Entertainment news,US,Confirmed broad bot block via TollBit robots,Yes,High,User-agent: *,Wildcard robots disallow,robots.txt wildcard,Variety robots redirects to TollBit robots.txt with User-agent: * Disallow: /.,https://variety.com/robots.txt,2026-05-13,Paste article text or use accessible snippets.,High,TollBit route suggests commercial bot-access policy.
38,National Geographic,nationalgeographic.com,Magazine / science,US/global,Unreliable / mixed,Partial,Medium,No Claude-specific block visible,Search/API/magazine paths blocked; paywall possible,robots.txt partial,"Robots.txt blocks several paths, search/API/topic paths; Claude-specific block was not visible in fetched output.",https://www.nationalgeographic.com/robots.txt,2026-05-13,Try direct page; paste content if fetch fails.,Low,Not confirmed Claude-inaccessible.
39,CNN,cnn.com,News / TV,US/global,Robots fetch denied to search bot; likely unreliable,Partial,Medium,Unknown,Robots denial to current search bot; dynamic site,tool fetch denial,"Direct robots fetch was denied to OAI-SearchBot in this run, signaling crawler restrictions.",https://www.cnn.com/robots.txt,2026-05-13,Use accessible article text/snippets or paste content.,Medium,Not enough data to confirm Claude-specific block.
40,BBC,bbc.com,News / public broadcaster,UK/global,Robots fetch denied to search bot; likely unreliable,Partial,Medium,Unknown,Robots denial to current search bot; regional/video restrictions,tool fetch denial,Direct robots fetch was denied to OAI-SearchBot in this run; BBC pages can also vary by region/media rights.,https://www.bbc.com/robots.txt,2026-05-13,Try direct link; use article text if fetch fails.,Medium,Not enough data to confirm Claude-specific block.
41,Ars Technica,arstechnica.com,News / tech,US,Robots fetch 403; likely unreliable,Partial,Medium,Unknown,403 on robots fetch; possible bot protection,tool fetch denial,Direct robots fetch returned 403 Forbidden in this run.,https://arstechnica.com/robots.txt,2026-05-13,Use article excerpts or paste content.,Medium,Not enough data to confirm Claude-specific block.
42,TechCrunch,techcrunch.com,News / startups,US,Unverified / likely mixed,Partial,Medium,Unknown,Dynamic/paywall/bot controls possible,unverified,Robots fetch could not be safely opened in this run; access may vary by page.,https://techcrunch.com/robots.txt,2026-05-13,Try direct page; paste if failed.,Low,Needs fresh verification.
43,Engadget,engadget.com,News / tech,US,Unverified / likely mixed,Partial,Medium,Unknown,Dynamic/bot controls possible,unverified,Robots fetch could not be safely opened in this run; access may vary by page.,https://www.engadget.com/robots.txt,2026-05-13,Try direct page; paste if failed.,Low,Needs fresh verification.
44,iFixit,ifixit.com,Repair / wiki,Global,Historical ClaudeBot issue; likely stricter now,Partial,Medium,ClaudeBot historical,Crawler load; robots/crawl-delay controls,third-party report,The Verge reported iFixit added robots controls after heavy ClaudeBot crawling; Anthropic said it respected the signal.,https://www.theverge.com/2024/7/25/24205943/anthropic-ai-web-crawler-claudebot-ifixit-scraping-training-data,2026-05-13,Use direct public guide pages; paste page text if needed.,Medium,"Historical, not a universal live fetch block claim."
45,Read the Docs,readthedocs.org,Developer docs,Global,Historical ClaudeBot issue; likely mixed,Partial,Medium,ClaudeBot historical,Crawler load; potential robots controls,third-party report,The Verge reported Read the Docs as another site affected by aggressive ClaudeBot scraping.,https://www.theverge.com/2024/7/25/24205943/anthropic-ai-web-crawler-claudebot-ifixit-scraping-training-data,2026-05-13,Try docs URL; use raw/source docs where available.,Medium,"Docs sites often remain accessible, but can rate-limit bots."
46,Freelancer.com,freelancer.com,Marketplace,Global,Historical ClaudeBot issue; likely restricted/mixed,Partial,Medium,ClaudeBot historical,Crawler load; login marketplace,third-party report,The Verge reported Freelancer.com leadership said it had experienced aggressive ClaudeBot scraping.,https://www.theverge.com/2024/7/25/24205943/anthropic-ai-web-crawler-claudebot-ifixit-scraping-training-data,2026-05-13,Paste listing/project text or use public exports.,Medium,Marketplace pages are also dynamic/auth-limited.
47,Amazon,amazon.com,E-commerce,US/global,Unreliable / anti-bot,Partial,High,Unknown,Bot protection; dynamic prices/reviews,tool fetch denial,Robots fetch returned 503 in this run; product pages often have anti-bot and dynamic price/availability.,https://www.amazon.com/robots.txt,2026-05-13,Use a shopping/search tool or paste product details; verify prices manually.,Medium,Prices/reviews are volatile even when fetched.
48,Walmart,walmart.com,E-commerce,US,Unreliable / mixed,Partial,Medium,No Claude-specific block visible,Search/API/cart/account blocked; dynamic retail,robots.txt partial,"Robots.txt blocks search, APIs, account/cart/order paths; product pages may still vary by region/session.",https://www.walmart.com/robots.txt,2026-05-13,Use direct product links with manual price verification.,Medium,Not confirmed Claude-specific inaccessible.
49,Target,target.com,E-commerce,US,Unreliable / mixed,Partial,Medium,No Claude-specific block visible,Cart/account/search/deals/shop paths blocked,robots.txt partial,Robots.txt blocks cart/account/search/shop and many commerce paths.,https://www.target.com/robots.txt,2026-05-13,Use manual verification for price/availability; paste details if needed.,Medium,Not confirmed Claude-specific inaccessible.
50,Best Buy,bestbuy.com,E-commerce,US,Unreliable / mixed,Partial,Medium,No Claude-specific block visible,"APIs, cart, availability, pricing paths blocked",robots.txt partial,Robots.txt blocks API/pricing/availability/cart/profile paths.,https://www.bestbuy.com/robots.txt,2026-05-13,Use manual verification for price/stock; paste details if needed.,Medium,Retail data changes quickly.
51,eBay,ebay.com,Marketplace / e-commerce,Global,Confirmed automated-agent restricted,Yes,High,Unapproved automated means; LLM-driven bots,Terms/robots automated access prohibition,robots.txt policy statement,eBay robots.txt states automated access without express permission is prohibited; checkout/LLM-driven buy flows are prohibited.,https://www.ebay.com/robots.txt,2026-05-13,Use manual browsing; paste listing details.,High,Search and listings may be partly indexable; actions/checkouts are not.
52,Flipkart,flipkart.com,E-commerce,India,Unreliable / mixed,Partial,Medium,Unknown,Dynamic retail; bot/region controls,robots.txt unavailable/blank fetch,Robots retrieval did not surface usable content in this run; product pages are dynamic and region/session sensitive.,https://www.flipkart.com/robots.txt,2026-05-13,Manual price/stock verification; paste product details.,Low,Needs fresh verification.
53,Myntra,myntra.com,E-commerce / fashion,India,Likely blocked / unreliable,Partial,Medium,Unknown,Bot protection/site maintenance response,tool fetch denial,Robots request returned a Site Maintenance HTML response in this run rather than usable robots rules.,https://www.myntra.com/robots.txt,2026-05-13,Manual verification; paste product details.,Medium,Mobile-app-heavy retail flows are poor crawl targets.
54,AJIO,ajio.com,E-commerce / fashion,India,Likely blocked / unreliable,Partial,Medium,Unknown,Dynamic retail; anti-bot likely,unverified,"Retail page access usually varies by session, region and anti-bot checks; not verified in this run.",https://www.ajio.com/robots.txt,2026-05-13,Manual verification; paste product details.,Low,Needs fresh verification.
55,Netflix,netflix.com,Streaming,Global,Auth/subscription-gated,Yes,High,N/A,Login/subscription and regional catalog,auth/paywall barrier,Catalog/playback data requires account/session; robots output was not useful in this run.,https://www.netflix.com/robots.txt,2026-05-13,Use public title pages or paste title details; verify availability in your account/region.,High,Regional availability changes.
56,Prime Video,primevideo.com,Streaming,Global,Auth/subscription-gated,Yes,High,N/A,Login/subscription and regional catalog,auth/paywall barrier,Catalog/playback details require account/session; robots output was not useful in this run.,https://www.primevideo.com/robots.txt,2026-05-13,Use public title pages or paste details; verify in account/region.,High,Regional availability changes.
57,Disney+ Hotstar,hotstar.com,Streaming,India/global,Auth/subscription-gated / unreliable,Yes,High,N/A,Login/subscription; app/dynamic rendering,auth/paywall barrier,Robots request returned HTML rather than clean robots rules in this run; playback/catalog is account/region gated.,https://www.hotstar.com/robots.txt,2026-05-13,Use public title pages or paste details; verify in app/region.,High,India-specific access can differ from global Disney+.
58,YouTube comments/transcripts,youtube.com,Video / social,Global,Unreliable / mixed,Partial,Medium,Unknown,Dynamic comments; captions availability; JS,technical barrier,"Public video pages may be reachable, but captions/comments are inconsistent without dedicated transcript tools or user-provided transcript.",https://www.youtube.com/robots.txt,2026-05-13,"Provide transcript, captions, or comments export.",Medium,Video metadata differs from transcript availability.
59,Twitch,twitch.tv,Streaming / live video,Global,Unreliable / mixed,Partial,Medium,Unknown,Live/auth/dynamic chat,technical/auth barrier,Live chat/VOD state requires JS/session and is not reliable via simple fetch.,https://www.twitch.tv/robots.txt,2026-05-13,Provide VOD transcript/chat export or screenshots.,Medium,Public channel pages may fetch but chat does not.
60,Spotify,spotify.com,Audio / streaming,Global,Auth/dynamic mixed,Partial,Medium,Unknown,Login/app rendering; region rights,auth + technical barrier,"Public artist/album pages may work, but playback/catalog details can be region/account dependent.",https://www.spotify.com/robots.txt,2026-05-13,Use public links plus manual verification; paste needed metadata.,Medium,Not confirmed Claude-specific inaccessible.
61,Pinterest,pinterest.com,Social / images,Global,Auth-gated / unreliable,Partial,Medium,Unknown,Login wall; image grid JS,auth + technical barrier,Pinterest commonly requires login and heavily renders via JS grids.,https://www.pinterest.com/robots.txt,2026-05-13,Use screenshots/exported images or paste pin text.,Medium,Visual content requires image inputs rather than web text.
62,Google Search result pages,google.com/search,Search engine results,Global,Usually inaccessible / not suitable,Yes,Medium,N/A,Search result anti-scraping and personalization,technical/policy barrier,"Search result pages are dynamic, personalized and bot-restricted; tools should use search APIs instead.",https://www.google.com/robots.txt,2026-05-13,Ask for a web search through the assistant rather than providing a Google SERP URL.,High,SERP snapshots are not stable sources.
63,GitHub private repositories,github.com,Developer platform,Global,Auth-gated unless public,Yes,High,N/A,Private repo permissions,auth barrier,Private repositories require authenticated access; public GitHub usually works well.,https://github.com/robots.txt,2026-05-13,"Use a connector, make repo public, or upload relevant files.",High,Public raw files are generally better than rendered pages.
64,GitHub issues behind org/private access,github.com,Developer platform,Global,Auth-gated unless public,Yes,High,N/A,Private org/repo permissions,auth barrier,"Private issues, PRs and discussions require authenticated org/repo permissions.",https://github.com/robots.txt,2026-05-13,Use connector/export or paste issue/PR text.,High,Public issues generally work.
65,Notion public pages,notion.site,Docs / public pages,Global,Mixed / JS-rendered,Partial,Medium,Unknown,JS rendering and blocks/images,technical barrier,Public Notion pages can render through JS and may not expose full block content to simple fetch.,https://www.notion.so/robots.txt,2026-05-13,Export Markdown/PDF; use a static public page if possible.,Medium,Private pages are auth-gated.
66,Google Maps,google.com/maps,Maps / local search,Global,Usually inaccessible / not suitable,Yes,High,N/A,JS app; anti-scraping; ToS,technical/policy barrier,"Maps listings/reviews are dynamic, region/personalization-heavy and not appropriate as simple page fetches.",https://www.google.com/robots.txt,2026-05-13,Use the assistant’s local/search tools or provide specific place links/details.,High,Local data changes often.
67,IMDb,imdb.com,Entertainment database,Global,Unreliable / mixed,Partial,Medium,Unknown,Dynamic pages; bot controls possible,unverified,IMDb pages may be public but can be dynamic and bot-protected; not verified in this run.,https://www.imdb.com/robots.txt,2026-05-13,Use public data snippets or paste details.,Low,Needs fresh verification.
68,Goodreads,goodreads.com,Books / social reviews,Global,Unreliable / mixed,Partial,Medium,Unknown,Login/social/reviews; Amazon-owned bot controls possible,unverified,Reviews/lists often require login/session and dynamic rendering; not verified in this run.,https://www.goodreads.com/robots.txt,2026-05-13,Paste reviews/list text or use exported data.,Low,Needs fresh verification.
69,Stack Overflow private Teams,stackoverflowteams.com / stackoverflow.com,Developer Q&A / private team,Global,Auth-gated unless public,Yes,High,N/A,Private team permissions,auth barrier,Private Teams content requires authenticated permissions; public Stack Overflow pages usually work.,https://stackoverflow.com/robots.txt,2026-05-13,Use public question URL or paste/export private content.,High,Public Stack Overflow is usually accessible.
70,ResearchGate,researchgate.net,Academic social,Global,Auth-gated / unreliable,Partial,Medium,Unknown,Login wall; PDFs often gated,auth barrier,Papers/profiles often require login or publisher access; PDFs may not be publicly reachable.,https://www.researchgate.net/robots.txt,2026-05-13,"Use DOI, arXiv, publisher PDF, or upload the paper.",Medium,Prefer primary research PDFs.
